,g@ft,,
,g@ft,,
,g@ft,,
,ide@gmail.com,,
,ide@gmail.com,,
,ide@gmail.com,,
,ide@gmail.com,,
,ide@gmail.com,,
,her@yahoo.fr,,
,her@yahoo.fr,,
,her@yahoo.fr,,
,her@yahoo.fr,,
,her@yahoo.fr,,
,her@yahoo.fr,,
,her@yahoo.fr,,
,her@yahoo.fr,,
,her@yahoo.fr,,
,her@yahoo.fr,,
,her@yahoo.fr,,
,her@yahoo.fr,,
,her@yahoo.fr,,
,her@yahoo.fr,,
,her@yahoo.fr,,
,jur@yahoo.fr,,
,jur@yahoo.fr,,
,jur@yahoo.fr,,
,jur@yahoo.fr,,
,jur@yahoo.fr,,
,jur@yahoo.fr,,
,jur@yahoo.fr,,
,jur@yahoo.fr,,
,jur@yahoo.fr,,
,jur@yahoo.fr,,
,jur@yahoo.fr,,
,jur@yahoo.fr,,
,jur@yahoo.fr,,
